target_phrase	idiomatic_meaning	literal_meaning	contextual_considerations	verbose_explanation	result
elbow grease	Hard physical work, especially manual labour that requires physical exertion. Often used to denote applying effort or diligence in order to achieve a task or goal.	A lubricating substance one could apply to their joints.	"In the sentence, ""After a long day supporting herself with her arms, she applied some elbow grease to soothe her dry, cracked skin,"" the use of ""applied"" and ""soothe"" along with the context of dry, cracked skin, indicate a physical application of something to the skin, which aligns with a literal interpretation."	"""Elbow grease"" in this context appears to refer to a physical substance applied to the skin as a soothing agent. While the phrase is commonly used to connote exertion and hard work, the context here does not involve a difficult task or challenge being overcome through labour. The sentence seems to describe the physical act of applying a moisturizing substance to the skin."	literal
night owl	A person who prefers to stay up and be active late into the night, as opposed to waking early in the morning.	A nocturnal bird of prey, specifically an owl that is active during the night.	"In the sentence, ""The photographer stayed up until midnight to capture a perfect shot of the elusive night owl,"" it's clear from context that a literal owl is being referred to; the photographer is trying to capture a shot of the bird, not a person who stays up late."	"Within this sentence, ""night owl"" is used to refer to the bird known as an owl that is nocturnal in nature. The photographer is literally staying up late to capture an image of this elusive creature, and there is no evidence to suggest the term is being used to describe a late-night person."	literal
heart of gold	A person or character who is very kind, generous, or compassionate.	An anatomical heart composed of the element gold.	"In the sentence, ""Among the museum's rarest items they found a priceless heart of gold, gleaming under the soft lights,"" the phrase is used in the context of describing a rare and priceless artifact, which suggests a literal meaning rather than the idiomatic one."	"In this sentence, ""heart of gold"" refers to an actual golden heart artifact in a museum, that is rare and valuable. The gleaming description further affirms the literal interpretation. The context does not suggest a metaphorical or idiomatic use of the term to describe a person of great kindness or generosity."	literal
agony aunt	A columnist in a magazine or newspaper who offers advice to readers who write in with private problems and concerns.	An aunt who is in agony or causes agony.	"In the sentence, ""The agony aunt crawls the ruins of the city with her nieces, harvesting the pain and suffering of the souls trapped there,"" the phrase is used in a way that seems neither wholly idiomatic nor literal. The relationship with nieces perhaps suggests a literal aunt, but the harvesting of pain and experiencing of agony seem more idiomatic, though not in the usual advice-giving way."	"In this context, ""agony aunt"" seemingly refers to an individual described as an aunt who is somehow associated with pain and suffering, suggesting a more literal interpretation of the phrase. However, the specifics diverge from the usual idiomatic usage of giving advice to people about personal problems. Instead, the context here involves a sense of emotional torment and suffering, which the personified individual is metaphorically 'harvesting'. Therefore, the context does not exactly fit the idiomatic or the literal meaning, but leans towards a creative use of the phrase with literal elements."	literal
shrinking violet	A person who is very shy or modest and does not like to attract attention.	A violet flower that is in the process of shrinking.	"In the sentence, ""In her garden, she noticed a shrinking violet that seemed to be suffering from the lack of sunlight,"" the term is used to refer explicitly to a violet, a type of flower in her garden that is literally shrinking, probably due to lack of sunlight."	"The phrase ""shrinking violet"" in this sentence is used literally to describe a violet flower in her garden that is physically shrinking due to lack of sunlight. The context of the sentence does not suggest the idiomatic usage of the term to depict someone as being shy or modest."	literal
green fingers	A talent for gardening; the ability to make plants grow well, often used to describe someone who enjoys gardening and does it well.	Fingers that are green in color.	"In the sentence, ""The children already have green fingers as they help out with their school's vegetable plot and enthusiastically responded to questions,"" the phrase ""green fingers"" is used in conjunction with gardening (""they help out with their school's vegetable plot""), which implies an idiomatic usage relating to gardening skills."	"In this sentence, ""green fingers"" refers to the children's talent or natural ability for gardening, as shown by their involvement with their school's vegetable plot. There is no suggestion in the sentence that the children's fingers are literally green in color, further confirming the idiomatic use of the term in this context."	idiomatic
ancient history	Something that happened a long time ago, and is no longer important or relevant in the present.	The study of history relating to the distant past, especially the period before the fall of the Western Roman Empire.	"In the sentence, ""Lyn says that her relationship with Paul is ancient history, but Steph thinks that she should go and see him to give him a chance to apologise,"" the term is clearly referring to a past event (Lyn's relationship with Paul) that Lyn considers to be over and in the past, indicating an idiomatic usage."	"""Ancient history"" in this sentence is used to signify something that happened in the past and is no longer considered relevant or important by Lyn. The reference to her past relationship being 'ancient history' indicates that she views it as over and wants to put it behind her, demonstrating the idiomatic usage."	idiomatic
banana republic	A small country, especially in Central America, that is politically unstable and dependent on a single export commodity, usually controlled and profited from by a corrupt government.	A republic or country that produces or is heavily associated with bananas.	"In the sentence, ""Your fruit kingdom can become an apple empire, banana republic or strawberry theocracy, with unique development options for each,"" the phrase appears to be used in a literal way as part of a sequence of fruit-themed country types, unlike the usual sociopolitical idiomatic meaning."	"In this context, ""banana republic"" is used to describe a hypothetical country or governance structure in a game, taking a literal interpretation of being a republic associated with bananas, as part of a wider theme of fruit-named entities (alongside apple empire and strawberry theocracy). The context does not involve the socio-political concept usually associated with the term implicating unstable, dependent small countries run by corrupt governments."	literal
devil's advocate	A person who expresses a contentious opinion in order to provoke debate or test the strength of the opposing arguments.	An advocate or supporter who is identified with, or acting on behalf of, the Devil.	"In the sentence, ""I do advise them on ideas for content, she said, ""and play devil's advocate to make sure that their story ideas are solid and they have a plan for a good angle and reporting."""" it's clear from context that the phrase is being used to denote the act of challenging or scrutinizing their story ideas in order to ensure they are strong. This aligns with the idiomatic sense of the phrase."	"The phrase ""devil's advocate"" is used here to denote the role of the speaker as someone who challenges or questions the ideas for content to ensure they are solid and well-planned. The speaker is not literally advocating for the devil, but is playing a useful role in the decision-making process by testing the strength of the arguments and the robustness of the plans."	idiomatic
private eye	An investigator or detective not in the police force, usually one who is self-employed or working for a private detective agency.	An eye that is private or hidden from view.	"In the sentence, ""The actor insists on wearing contacts at all times to keep his private eye from the public gaze; paranoia, or sensible caution in the age of biometrics?"", it's clear from context that the phrase is being used to denote an eye that is kept hidden or private. In this sentence, it has no connection to the idea of detectives or investigations and thus is used in a literal sense."	"In this sentence, ""private eye"" is used literally to refer to the actor's physical eye, which he tries to keep hidden or private from the public by wearing contact lenses. The mention of biometrics further strengthens the argument that the phrase is being used to refer to the actor's actual eye, instead of the idiomatic interpretation involving a private detective."	literal
pipe dream	An unattainable or fanciful hope or scheme. A fantastic notion or vain hope.	A dream or fantasy experienced while smoking from a pipe.	"In the sentence, ""I don't smoke often, but when I do I often experience some weird things in my sleep; my latest pipe dream had me sharing a hookah with the caterpillar from Alice in Wonderland,"" the term ""pipe dream"" is used to describe a literal dream that the speaker had after smoking, a dream that happened to involve a fictional character known for smoking a hookah."	"""Pipe dream"" in this sentence is used literally to indicate a dream that the speaker had, possibly influenced by their sporadic smoking habits. The specific description of sharing a hookah with a fictional character known for smoking further supports the literal interpretation of the phrase as a dream experienced while or after smoking."	literal
piece of cake	A job, task or other activity that is easy or simple.	A portion of a larger cake.	"In the sentence, ""I thought the exam was going to be a piece of cake, but I was surprised by the second question,"" the phrase ""piece of cake"" is idiomatic. It does not refer to an actual piece of cake, but rather to the speaker's misjudgment that the exam would be easy."	"""Piece of cake"" is used here to indicate the speaker's initial belief that the exam would be easy or simple to complete, which is the idiomatic use of the phrase. The context does not suggest an actual piece of a larger cake, further affirming the idiomatic meaning."	idiomatic
rocket science	Something very difficult to understand or do. Used to refer to a task or subject perceived to be complex and difficult to master.	The scientific study or profession involving the design and use of rockets.	"In the sentence, ""Long before the development of modern rockets, Sir Isaac Newton described the principles of rocket science in three laws of motion,"" the phrase ""rocket science"" is used to describe the literal science of rockets. The reference to Sir Isaac Newton and the mention of laws of motion support a literal interpretation."	"In this context, ""rocket science"" refers to the actual scientific study of rockets, as suggested by the historical reference to Sir Isaac Newton describing principles related to it. The use of the term here does not align with its idiomatic usage to describe something that is difficult to understand or do."	literal
brass ring	A high goal or ambition that people try to attain, often seen as extremely challenging or difficult to achieve.	A ring made of brass.	"In the sentence, ""Too many fantasy writers have tried for the brass ring and failed miserably in the attempt,"" the phrase ""brass ring"" appears to be used idiomatically to represent a highly sought-after prize or objective that fantasy writers aim to achieve but often fail to do so."	"In this instance, ""brass ring"" is used to symbolize a high goal or ambition that fantasy writers strive for, highlighting the attempts and the difficulties in achieving it. There is no suggestion in the sentence of a physical ring made of brass, thereby confirming the idiomatic use of the phrase in this context."	idiomatic
apples and oranges	Used to describe two things that are fundamentally different or not comparable.	Two types of fruits: an apple and an orange.	"In the sentence, ""Smashing Pumpkins or Nirvana? It's kind of apples and oranges for me - they both have charms and I liked them for different reasons,"" the term ""apples and oranges"" signifies two different things (in this case, bands) that are not comparable because they have different qualities that the speaker appreciates."	"""Apples and oranges"" in this sentence is used to express the speaker's opinion that Smashing Pumpkins and Nirvana have their own unique charms and are not comparable, which aligns with the idiomatic interpretation. The phrase is not referring to the literal fruits, but to the idea that these two bands are fundamentally different."	idiomatic
nest egg	Money saved for the future or for a specific purpose, often retirement.	An egg in a bird's nest.	"In the sentence, ""I climbed the tree to get a closer look, and to my surprise, I found a nest egg tucked away in the branches,"" the speaker is finding an actual egg in a nest, which suggests a literal interpretation of the phrase."	"Here, ""nest egg"" signifies an actual egg that the speaker found in a nest after climbing a tree. There is no mention of money or saving, which leads us to believe that the term is being used in its literal capacity."	literal
ghost town	A deserted town or settlement that was once populated but is now abandoned, often evoking a sense of desolation or emptiness.	A town inhabited by ghosts or supernatural entities, as in fictional or mythological contexts.	"In the sentence, ""With the mines closing down in the early 1990's it tumbled into the darkness of a small, quiet ghost town,"" the term ""ghost town"" isn't indicating a town inhabited by supernatural beings but rather a deserted town, aligning with the idiomatic usage."	"""Ghost town"" in this context signifies a town that has become deserted due to the closure of mines. The lack of activity has led to the town becoming silent and desolate. The term is used here in its idiomatic meaning to signify abandonment and desolation, not a literal town of ghosts."	idiomatic
bull market	A period in which prices in a financial market are rising, or are expected to rise. The term is most often used to refer to the stock market, and can be applied to anything traded, such as bonds, real estate, commodities and currencies.	A marketplace where bulls are bought and sold.	"In the sentence, ""Desperate for a solution to her family's financial worries, she headed to the annual bull market with their prize stud in tow,"" the phrase ""bull market"" is used to describe a physical marketplace where, presumably, cattle or bulls are sold. This suggests a literal usage of the phrase."	"""Bull market"" in this context refers to an actual marketplace where bulls are exchanged - the woman is going there in hope of selling their prize stud. This setting does not imply a rising financial market, which is the idiomatic use of the term."	literal
beached whale	A term used colloquially, often as an insult, to describe someone who is extremely overweight, lazy, or clumsy. The image evoked is of a whale that's been stranded on shore, unable to move.	A whale that washed ashore and is no longer in the water.	"In the sentence, ""Emotions flowed over the beached whale that washed up on the shores of Paraparaumu on Wednesday, and was subsequently buried yesterday,"" the phrase ""beached whale"" is used to describe an actual whale that's become stranded on a beach. This seems to be a literal interpretation."	"""Beached whale"" here refers to an actual whale that has washed ashore. The intense emotional reactions the situation provokes, and the subsequent burial of the whale, support this interpretation. There's no indication that the term is being used as an idiom to describe an overweight or clumsy individual."	literal
flower child	A term used to describe a person who rejects the values of conventional society and advocates peace, love, and understanding, typical of the hippiemovement of the 1960s and 1970s.	A child made of flowers or a child associated with flowers.	"In the sentence, ""Many of the images here are affectingly representative of their times, including flower children placing daisies into the rifles of US soldiers,"" the phrase ""flower child"" is used in its idiomatic sense to refer to people associated with the peace and love values of the hippie movement."	"""Flower child"" in this sentence is used figuratively to denote individuals who are identifiable as being part of the hippie movement, as represented by their act of placing daisies into soldiers' rifles. This context does not suggest the literal interpretation of a child made of flowers or a child associated with flowers."	idiomatic
copy cat	A person who mimics or repeats the behavior or practices of another.	A cat that duplicates or copies.	"In the sentence, ""If they got the Ripper, the crimes of the copy cat could be dealt with easily,"" the phrase ""copy cat"" is used idiomatically to describe a person replicating the actions of another, in this case, criminal activities."	"In this sentence, ""copy cat"" is used in a figurative manner to denote an individual who is mirroring or repeating someone else's criminal actions, specifically, the notorious Ripper. There is no indication of an actual cat that's copying something or someone."	idiomatic
lounge lizard	"A man who frequents public places, such as nightclubs or bars, in order to seduce women. The term has a somewhat disdainful connotation, as it pictures the man as lazy, merely ""lounging"" and waiting for women to come to him."	A lizard that lounges or rests leisurely.	"In the sentence, ""Our lounge lizard likes to sit on the arm of the couch and warm his scales in a sunbeam while we watch TV,"" ""lounge lizard"" is used literally to describe a pet lizard that likes to sit and relax on the couch."	"Here, ""lounge lizard"" refers to an actual lizard that enjoys lounging on the arm of the couch in a sunbeam. The context doesn't suggest any human behavior, particularly the socialite behavior of a man in nightclubs or bars, which is the idiomatic use of this term."	literal
secret santa	A Christmas tradition in which members of a group or community are randomly assigned a person to whom they anonymously give a gift.	A Santa who is secretive or hidden.	"In the sentence, ""She got very annoyed when some wag got her a puncture repair kit as a secret santa,"" ""secret santa"" is used in its idiomatic sense to refer to a gift given anonymously in the context of a Christmas tradition."	"""Secret santa"" here refers to the Christmas tradition in which someone anonymously gives a gift to someone else. The woman received a puncture repair kit from an anonymous giver, which annoyed her. The context does not suggest a literal interpretation of a secretive Santa Claus."	idiomatic
dirty word	A term, subject, or concept which is considered distasteful, unpleasant, or taboo to discuss.	A word that is physically unclean.	"In the sentence, ""We spend our formative years being obsessed by the city and considering suburb as a dirty word,"" the phrase ""dirty word"" is used in its idiomatic meaning to suggest that 'suburb' is an unpleasant or distasteful concept to the speaker."	"""Dirty word"" is used metaphorically in this context to refer to the word 'suburb', which is considered disagreeable or unsavory due to personal attitudes or cultural values. It does not suggest a word that is physically dirty or unclean."	idiomatic
close shave	A situation in which danger, trouble, or problems are very narrowly avoided.	Shaving of hair so close to the skin, there is scarce any hair left.	"In the sentence, ""But Swindon had a similar close shave in the last seconds of full time as Philliskirk hit the crossbar and the game went into extra time,"" ""close shave"" is used to refer to the near miss by Philliskirk, connecting with the figurative meaning of narrowly avoiding disaster or failure."	"Here, ""close shave"" signifies a narrowly avoided disaster or failure in a football match, specifically referring to a player, Philliskirk, who almost scored a goal but ultimately hit the crossbar. The term is not used to denote a literal shave with a razor, aligning closely with the idiomatic meaning."	idiomatic
donkey work	The tedious, menial, or routine work, often heavy or hard, that is necessary to a project or activity.	Work done by a donkey or equine	"In the sentence, ""Each year he was able to persuade half a dozen of his friends from upcountry to come down to St Ives and do the festival's donkey work in return for a fortnight's accommodation,"" the phrase ""donkey work"" is used idiomatically to refer to the menial or routine work associated with organising a festival."	"""Donkey work"" in this context refers to the repetitive, tedious, or hard work associated with setting up a festival. There is no implication that the work is done by or includes a literal donkey."	idiomatic
bear market	A market condition in which the prices of securities are falling, and widespread pessimism causes the negative sentiment to be self-sustaining.	A market where bears are sold or displayed.	"In the sentence, ""I was shocked to have stumbled across a back-street bear market where the poor animals were caged and prodded with sticks to enrage them,"" the term ""bear market"" literally refers to a market where bears are displayed and mistreated."	"Here, the term ""bear market"" is used in a literal sense to denote a marketplace where bears are displayed in cages and mistreated. This context does not suggest the idiomatic meaning related to falling prices in the securities market."	literal
top dog	A person, group, or nation that is dominant or in a position of authority or supremacy.	The highest positioned dog or the most dominant of a group of dogs.	"In the sentence, ""We now face a future where we're no longer top dog,"" the phrase ""top dog"" is used idiomatically to suggest that the subject is no longer in a position of supremacy or authority."	"""Top dog"" in this context refers to the metaphorical idea of being in a dominant position or having the highest authority. The phrase indicates that the entity is no longer commanding a supreme or leading position. There's nothing in the context to suggest a literal group of dogs with one being dominant."	idiomatic
dog's dinner	A situation, plan, or piece of work that has been badly done or has been ruined.	A meal for a dog.	"In the sentence, ""Among a whole myriad of amendments, which make the bill a complete dog's dinner because they are contradictory, inconsistent, and unconstitutional,"" ""dog's dinner"" is used idiomatically to refer to something done badly or clumsily, specifically a legislation bill."	"The phrase ""dog's dinner"" is used metaphorically here to describe a poorly drafted bill with many amendments that are contradictory, inconsistent, and unconstitutional. It's used to express the chaotic and unsatisfactory condition of the bill, and not to describe an actual dinner for a dog."	idiomatic
white hat	In computer security, a hacker who identifies a security weakness in a computer system or network but, instead of taking malicious advantage of it, exposes the weakness in a way that will allow the system's owners to fix the breach.	A hat that is white in color.	"In the sentence, ""In an elegant black dress, a triple string of pearls and a white hat, she was dressed to start a new life,"" ""white hat"" is used literally to refer to a fashionable white-colored hat the subject is wearing."	"Here, ""white hat"" refers to an actual hat that is white in color, a part of the person's outfit. The context is about fashion and starting a new life, and it does not suggest any relationship to computer security or ethical hacking, which is the idiomatic use of this term."	literal
smoking gun	Evidence that serves as conclusive proof or support for an accusation, theory, or claim.	A gun that is actively emitting smoke, typically signifying recent discharge.	"In the sentence, ""He had soon fired his third shot, and stood with the smoking gun lowered and his eyes fixed on the target in concentrated expectancy."", the phrase ""smoking gun"" is used in a literal context of a recently fired gun, rather than figuratively representing conclusive evidence."	"Here, the phrase ""smoking gun"" signifies an actual firearm which has been recently fired, causing it to emit smoke. The overall context of shooting and targets supports this literal interpretation. The usage does not correspond to the idiomatic sense of being undisputable proof."	literal
old flame	A person with whom one had a romantic relationship in the past.	A flame that has been burning for some time.	"In the sentence, ""Despite the wind, the old flame from the candle still danced, illuminating the room with its gentle glow."", the phrase ""old flame"" refers literally to a burning flame from a candle."	"In this context, the phrase ""old flame"" represents a candle flame, which is described as 'dancing' and emitting a 'gentle glow'. Nothing in this context points towards a past romantic relationship, which is the idiomatic sense of the phrase."	literal
zebra crossing	A type of pedestrian crossing characterized by parallel white stripes on the road, resembling a zebra's stripes, that signals drivers to yield to pedestrians.	A crossing used by zebras.	"In the sentence,""Most drivers fail to stop at the zebra crossings for the pedestrians."", the phrase ""zebra crossing"" is used in its idiomatic sense, referring to a specific type of pedestrian crossing."	"In this context, ""zebra crossing"" refers to marked pedestrian crosswalks, highlighted by the drivers failing to stop at them. This aligns with its idiomatic meaning and seems unrelated to any crossing used by zebras, which is the literal meaning."	idiomatic
eye candy	Visual elements in a design or presentation that are included more for their attractive appearance than for any functional purpose.	Candy for the eyes.	"In the sentence, ""They gave me the impression that the development team has been focusing too much on eye candy rather than actual gameplay or level design."", the phrase ""eye candy"" is clearly used in its idiomatic sense of being focused more on attractive visuals than on practical elements."	"In this context, the phrase ""eye candy"" implies focus on attractive visual components possibly at the expense of core gameplay or level design in a video game or similar context. It does not indicate a literal provision of candy to someone's eyes."	idiomatic
ivory tower	A term denoting a place or situation in which people are happily cut off from the rest of the world in favor of their own pursuits, often intellectual ones.	A tower constructed out of ivory, the material found in the tusks and teeth of animals such as elephants.	"The sentence ""Several herds of elephants were hunted and their bones used to construct an ivory tower which reached high above the trees of the plain."" uses the term ""ivory tower"" literally, to describe a physical structure created from elephant tusks."	"In this scenario, ""ivory tower"" is utilized in a literal sense to describe a building made out of elephant tusks. There is no indication in the context that the term is being used idiomatically to signify a place of disconnected intellectual pursuits."	literal
black sheep	A member of a group (family, class, workplace) who is regarded as a disgrace or is considered rebellious, different, or non-conformist.	A sheep with black wool as opposed to the common white wool found in most sheep.	"In the sentence ""Imagine wools in rich, warm, earthy tones from black sheep, goats, buffalo, and wooly dogs (now extinct)."", the phrase ""black sheep"" is used to describe a literal sheep with black wool."	"The usage of ""black sheep"" in this context specifically pertains to the wool of a sheep possessing black fur. It is not indicative of the idiomatic sense of a conspicuous or unusual member of a collective."	literal
armchair critic	A person who offers advice or an opinion on something in which they have no expertise or involvement.	A critic who is seated in an armchair.	"In the sentence, ""He will be quoted as an example of all that is wrong with the game by every armchair critic in Wales."", the phrase ""armchair critic"" is used in its idiomatic sense to refer to people passively offering criticism without being actively involved in the game itself."	"In this context, ""armchair critic"" is utilised in its idiomatic sense to denote individuals who are not necessarily experts or actively involved in the sport being discussed. The usage here is unrelated to a literal critic sitting in an armchair."	idiomatic
gravy train	A situation in which one can make a lot of money for little effort, often used to denote a profitable continuing source of income.	A train filled or themed with gravy.	"The sentence, ""The gravy train, filled to the brim with rich, flavorful sauce, was the children's favorite part of the dinner."", uses the term ""gravy train"" to describe a literal train subject filled with gravy, not in its idiomatic sense of easy, abundant wealth or benefits."	"In this context, ""gravy train"" refers to presumably a fun, gravy-oriented aspect of a meal (possibly in the form of a dish or a serving vessel), rather than the idiomatic meaning of easy financial gain. There's no financial or ease-of-access connotation present."	literal
rat race	A competitive struggle to get ahead financially or professionally in the modern world.	A race involving rats.	"In the sentence, ""The highlight of the day's entertainment was a rat race in which a dozen rodents were egged on by a raucous crowd of spectators and gamblers."", the term ""rat race"" is used in its literal sense of a competition between rats, not in its idiomatic sense of a competitive, anxiety-ridden socio-economic life."	"Here, ""rat race"" refers to an actual race involving rats, as indicated by 'rodents' being 'egged on' by a crowd. The context does not suggest any kind of socio-economic competition or struggle, which is the idiomatic use of the phrase."	literal
hot potato	A controversial issue or situation which is awkward or unpleasant to deal with.	A potato that has been cooked or warmed and is still retaining high temperature.	"In the sentence, ""The pipeline is set to create a human rights disaster in the region, and has become such a hot potato that the Bank has postponed the decision."", the phrase ""hot potato"" is used in its idiomatic sense to describe an awkward and challenging situation."	"In this context, ""hot potato"" refers to the contentious situation involving potential human rights disasters and challenging decisions related to the pipeline project, which aligns with the idiomatic usage of the term. The phrase doesn't relate to an actual hot or heated potato in this context."	idiomatic
spring chicken	A young or youthful person, often used in a negative sense to connote the opposite; i.e., someone who is not as young or spry as they once were.	A young chicken, often referring to a chicken that was hatched in the spring.	"The sentence, ""Today's special is spring chicken, marinated in yogurt-based marinade overnight and baked on skewers in the tandoor."", uses the term ""spring chicken"" to describe a literal chicken dish, not in its idiomatic sense of a young person or someone not as young as they used to be."	"In this context, ""spring chicken"" refers to a particular chicken dish that is being offered as a special for the day at a restaurant or similar meal setting. The term is not being used to reference a youthful person, which would be its idiomatic sense."	literal
love triangle	A complex romantic relationships involving three people, where each person has a romantic relationship or feelings for the other two.	A triangle that signifies love.	"The sentence, ""Several adaptations exist, most dealing with the love triangle between Arthur, Guinevere and Lancelot."", uses the term ""love triangle"" in its idiomatic sense to describe the romantic entanglement between these three individual characters."	"In this context, ""love triangle"" refers to the characters' interconnected romantic feelings or relationships, following the idiomatic meaning. The use of 'Arthur', 'Guinevere', and 'Lancelot' asserts the romantic complications consistent with this figurative usage, rather than any literal geometric figure associated with love."	idiomatic
black box	A complex device or system whose internal workings are hidden or mysterious; often used to describe a device whose function is important but the processes inside are not understood or accessible.	A box that is colored black.	"In the sentence, ""Smart sensors are sold as black boxes despite the fact that their safety justification might require knowledge of their internal structure and development process."", the phrase ""black box"" is used in its idiomatic sense to refer to devices with unknown or inaccessible internal workings."	"Here, ""black box"" is used to denote smart sensors with internal workings that aren't readily known or accessible, and whose function is crucial albeit not fully understood or easily justified in terms of safety. This aligns with the idiomatic meaning of 'black box'. It does not relate to a literal black-colored box in this instance."	idiomatic
hen party	A party or gathering hosted for women only, typically a gathering held for a woman who is about to get married ('bachelorette party' in U.S).	A gathering or party of hens (female chickens).	"The sentence, ""You can spot the hen parties easily because they always dress in stupid outfits or matching T-shirts with their names printed on."", uses the term ""hen party"" in its idiomatic sense to denote a party of women often associated with a pre-wedding celebration."	"In this scenario, ""hen party"" denotes a gathering of women, often marked by symbolic or coordinated apparel as indicated by the 'outfits' and 'matching T-shirts'. The context does not insinuate a literal gathering of female chickens."	idiomatic
acid test	A decisive trial to determine the worth or quality of something; a conclusive test.	A test involving the use of an acid.	"The sentence, ""It is one thing leading the pack in January, however, another is the acid test that Sunday's trip to champions Liverpool will provide."", uses the phrase ""acid test"" in its idiomatic sense to refer to a crucial or decisive test."	"In this context, ""acid test"" is used to describe a challenging or defining ordeal - in this case, the upcoming trip to play against the champions, Liverpool. This aligns with its idiomatic usage to denote a decisive trial, and does not invoke the literal meaning of a test that involves the use of acid."	idiomatic
inner circle	The closest and often the most trusted group of people to someone, especially in a professional or business context.	A literal countable space or group located inside a larger round boundary or circle.	"The sentence, ""I marked out an inner circle a metre in diameter and then put in some more garden edging around the edge to give the centre extra height,"" is referring to a physical circle within a garden area. It does not reference a group of trusted individuals in a professional context."	"In this context, ""inner circle"" literally refers to a smaller circle drawn within a larger one. It has nothing to do with trusted friends or confidants. The writer is describing a gardening arrangement that involves placing a circle within a larger circle."	literal
bad apple	A person in a group who has negative influence over the group or spoils the group's image, usually by behaving in a way that is dishonest or unacceptable.	An apple (fruit) of bad quality, spoilage or undesired taste.	"In the sentence, ""That's the difference - the good apple is nutritious and tasty and nice, whereas the bad apple is sour and rotten and full of maggots,"" it is clear that the phrase ""bad apple"" is used in a literal context to compare the qualities of apples."	"Here, ""bad apple"" is used literally to describe an apple that is rotten and infested with maggots. The comparison between a good and a bad apple focuses on the physical and taste qualities, not idiomatic behavior of an individual in a group context."	literal
honey trap	A strategy in which an attractive person seduces someone, often in spy or criminal investigations, to coax them into revealing information or doing something unwise.	A trap that uses honey as bait.	"In the sentence, ""The bear cautiously approached the honey trap, lured by the sweet scent, unaware that it would soon be caught,"" the phrase ""honey trap"" is used in a literal sense to describe a trap for a bear baited with honey."	"The phrase ""honey trap"" in this context describes a literal trap that uses honey as bait to catch a bear. The focus here is on the sweet scent of honey luring the bear towards a trap, not a covert operation involving seduction and espionage."	literal
pins and needles	A tingling sensation felt in a part of the body, especially the limbs, caused by the temporary compression or obstruction of the nerves, usually due to an awkward position.	Sharp objects made of steel used for sewing and knitting respectively.	"In the sentence, ""Everyone can get pins and needles but see a GP if you keep getting it or it lasts a long time,"" the phrase ""pins and needles"" is used in its idiomatic sense to describe a common sensory experience."	"In this context, ""pins and needles"" refers to the tingling sensation one can experience in their limbs, often due to a nerve's temporary compression. The suggestion to see a GP if this sensation lasts a long time further strengthens this interpretation as it is reminiscent of medical advice, not a literacy context of sewing tools."	idiomatic
bun in the oven	An idiomatic phrase used to denote pregnancy.	A bun that is baking inside an oven.	"In the sentence, ""Regardless, Jemma has now taken to social media to show a side-on view of her bun in the oven,"" the phrase ""bun in the oven"" is likely used idiomatically to indicate that Jemma is pregnant."	"The phrase ""bun in the oven"" in this sentence is used idiomatically to mean that Jemma is pregnant and is publicly acknowledging and showcasing her pregnancy through social media, not literally baking a bun in an oven."	idiomatic
loan shark	A person or entity that lends money at extremely high interest rates, often through coercive or illegal practices.	A shark that offers loans. This is nonsensical when taken literally.	"The sentence, ""The loan shark refused to accept a partial payment and demanded the full amount,"" clearly refers to a person or entity that lends money, typically at exorbitant interest rates, indicating the idiomatic use of the phrase."	"Here, a ""loan shark"" is someone who lends money under harsh terms, refusing to accept partial payments and demanding repayment in full. The context does not suggest any literal shark lending money, which affirms that we're dealing with an idiomatic usage."	idiomatic
open book	A person or situation that is easy to understand or interpret, metaphorically 'like a book that is open and ready to read'.	A book where the pages are not closed, available for reading.	"In the sentence, ""In the middle an angel holds an open book while Peter strikes a devil with the keys,"" the phrase ""open book"" is used in its literal sense, describing a book that an angel is physically holding open."	"In this context, ""open book"" is meant literally, describing a book that the angel is holding open. The scene portrayed involves physical objects, including a book, an angel, Peter, and keys, rather than metaphorical representations of understanding or interpretation."	literal
baby blues	Feelings of sadness, anxiety, and mood swings that many women suffer from shortly after giving birth, often attributed to hormonal changes.	Blue eyes in a baby. As color descriptions go, 'blue' refers to the color, 'baby' means it belongs to infant.	"In the context of ""Babies' bright eyes are more likely to produce red-eye, so try and use a camera that has the Red Eye Fix feature to show your child's true baby blues, greens, or browns,"" ""baby blues"" refers to the color of a baby's eyes. The sentence is focused on photography and how to best capture the color of a baby's eyes."	"In this sentence, ""baby blues"" literal refers to the blue eyes of babies. The context talks about capturing the true color of babies' eyes in photography, hence it is referring to physical observable coloration and not emotional states of postpartum women."	literal
silver bullet	A simple, immediate, and extremely effective solution or remedy to a difficult problem.	A bullet made of silver, typically mentioned in folklore to kill supernatural creatures like werewolves.	"The sentence, ""Many of these approaches are simply the current wave of silver bullets that will not substantially resolve data disparity or improve data resource quality,"" uses the phrase ""silver bullet"" in its idiomatic form to convey ineffective solutions to the issue of data quality."	"In this context, ""silver bullet"" refers to the idiom, suggesting that many current strategies are seen as quick and miraculous solutions (silver bullets) but do not produce lasting or substantial improvements to data quality issues."	idiomatic
brain surgery	Often used colloquially to refer to something complicated, difficult or requiring specialist knowledge.	Surgical procedures involving the brain, usually done by specialist neurosurgeons.	"The sentence, ""Patients with epilepsy now have another option for brain surgery that offers more precision and a faster recovery,"" clearly refers to the literal meaning of brain surgery as a medical procedure."	"In this sentence, ""brain surgery"" is used in its literal sense to refer to medical procedures performed on the brain, specifically highlighting a new option for epilepsy patients that allows for increased precision and faster recovery."	literal
red flag	A sign or warning of existing or impending trouble, danger, or disaster.	A flag with a red color.	"The sentence, ""During the student uprising that forms much of the climax of Les Miserables, the revolutionaries wave a red flag as a symbol of their movement,"" refers to a literal red flag used as the symbol of a revolutionary movement."	"In this context, ""red flag"" is being used to literally describe a flag that is red in color. The revolutionaries in Les Miserables are physically waving a red flag as a symbol of their movement, as opposed to the phrase signaling a warning or impending dangerâ€”an idiomatic use."	literal
white elephant	A possession that is expensive, useless, and difficult to maintain or get rid of. It often refers to something that initially seems valuable but turns out to be a burden or costly.	An elephant that is white in color.	"The sentence, ""When the King of Siam disliked a courtier, he gave him a beautiful and delicate white elephant as a gift,"" uses the concept of the 'white elephant' as a burdensome gift, in line with the idiomatic use of the phrase."	"In this context, ""white elephant"" is used idiomatically to describe a burdensome or costly gift. The context of the sentence aligns with this interpretation, where a king intentionally bestows an expensive and difficult-to-maintain animal on a courtier he dislikes, to burden him with the costs of care. This aligns with the idiomatic usage."	idiomatic
two-way street	A situation or relationship where both parties must put in equal effort or both can benefit.	A street or road where traffic can flow in two directions.	"""We're focusing our efforts on getting more men to participate and join the conversations, showing them that a lot of the discussion is a two-way street, and we need to be part of the dialogue as well."" Here, ""two-way street"" is used to explain the dynamic of conversation and engagement, which implies the idiomatic use."	"In this sentence, ""two-way street"" is used idiomatically to imply that conversation and engagement involve efforts and active participation from both parties (in this case, men and others). The phrase here is not used to describe the physical or directional details of a street."	idiomatic
rat run	A shorter unofficial route or side road used by drivers to avoid heavy traffic.	A path or trail used by rats to get around, often in urban environments.	"The sentence, ""When you see a live rat, rat run or rat burrow, take action immediately,"" is clearly referring to the literal meaning of 'rat run' - a path typically used by rats."	"In this context, a ""rat run"" refers to a physical run or trail that rats use for their movement. The mention of seeing a live rat and a rat burrow further cements this interpretation, as it signifies a discussion about pest control, not about traffic or side routes."	literal
graveyard shift	A work shift that runs through the late night and early morning hours, typically covering the period around midnight to dawn.	A shift of work taking place in a graveyard.	"In the sentence, ""It was my turn once again to do the graveyard shift at work, and I wasn't looking forward to being at the church surrounded by gravestones,"" the phrase ""graveyard shift"" seems to carry both its idiomatic and literal meanings. The work being done is during the late-night hours (idiomatic usage) and it is taking place in a graveyard (literal usage)."	"In this sentence, ""graveyard shift"" refers both to the idiom that denotes late-night work and the literal interpretation referring to a job carried out in a graveyard. The narrator is speaking about an upcoming shift at a church, which is traditionally surrounded by a graveyard. This shift also seems to occur late at night, falling within the traditional timeframe of a 'graveyard shift'. Thus, both interpretations are valid in this context."	both
dirty money	funds earned in a dishonest or illegal manner	money which is unclean or filthy	In the context sentence, 'dirty money' refers to physical currency that may be dirty or unclean. The part about spreading infection indicates that the use of the term is more literal, dealing with physical cleanliness issues, not ethical or legal ones.	The term 'dirty money' in this sentence means actual paper currency or coins that are physically unclean or contaminated. Touching these and then touching public surfaces can spread diseases. Thus, it does not refer to illicitly obtained funds or wealth as in its idiomatic sense	literal
high life	to live a luxurious or extravagant lifestyle, often characterized by indulgence and excess	life at a high altitude or high position	In the sentence, 'high life' refers to the living condition of mountain goats at elevated altitudes, with no indication of luxury or indulgence, it's more about the physiological adaptations they have developed for survival at high altitudes.	The phrase 'high life' here refers literally to living at a high altitude as in the case of mountain goats. The sentence speaks of their increased lung capacity and agility developed due to such lifecyle, not an extravagant or luxurious lifestyle, which is the idiomatic interpretation of the phrase.	literal
pain in the neck	an annoying or irritating person or thing	physical discomfort or pain in the neck region of the body	In the sentence, 'pain in the neck' does not refer to physical pain; instead it is used to denote a difficult or bothersome process of doing business with the government.	The phrase 'pain in the neck' here conveys a metaphorical concept. It implies that doing business with the government is generally challenging or problematic, rather than being physically painful.	idiomatic
guinea pig	a person or thing used as a subject for experiment	a type of small, domesticated rodent	The context sentence uses 'guinea pig' to refer to the actual animal and not in the context of experiments or trials. It describes diet requirements of the rodents, thereby confirming a literal usage of the term.	The term 'guinea pig' in this context refers to the small pet animal, as the description is about their specific dietary needs rather than being a metaphor for someone used as a test or experiment.	literal
cat's eyes	reflective road safety devices used on roads to provide night visibility and safe driving conditions	the eyes of a feline	In the provided sentence, 'cat's eyes' refers to the eyes of Ms. Rusby's cat. The pairing with 'reflecting some dim light' reinforces this literal use.	The term 'cat's eyes' here literally means 'the eyes of the cat'. The eyes of the cat reflected some dim light, inspiring Ms. Rusby for a title. It doesn't indicate reflective road safety markers as in its idiomatic usage.	literal
cold turkey	To quit a habit or addiction abruptly and completely, without progressively weaning off of it	actual cold turkey meat	In the context sentence, the term 'cold turkey' is used to represent abruptly quitting an old habit. The reference to relapsing back to old habits suggests an addiction or bad habit context.	In this sentence, 'cold turkey' indicates the act of quitting an addiction or bad habit suddenly. The phrase is used to signal the difficulty and potential pitfalls of such an abrupt change, not the consumption of literal cold meat from a turkey.	idiomatic
low-hanging fruit	tasks, actions or things which are easy to achieve or obtain	fruit that grows low on a tree and is therefore easily reachable	The context sentence presents 'low-hanging fruit' as literal fruit hanging low on a tree, which is easy to reach and pick. It doesn't refer to easily achievable tasks.	In this instance, 'low-hanging fruit' is fruit literally hanging low on a tree within easy reach to pick. The woman picks the fruit from the tree and fills her basket. This sentence does not describe easy tasks or goals as in the idiomatic interpretation.	literal
busy bee	a person who is busy or industrious	a bee that is busy or active	As described in the sentence, 'busy bee' refers to a bee that is buzzing in a garden. It refers to the literal insect in its depiction on a paperweight, not a person.	The term 'busy bee' in the sentence refers to a bee that is buzzing through a summer garden, depicted on a paperweight. Therefore, it is a literal use referring to the insect's activity, not metaphorically indicating an industrious person.	literal
wet blanket	someone who spoils other people's fun or does not join in with an activity	a blanket that is soaked or damp	In the given sentence, 'wet blanket' does not refer to a literal damp or soaked blanket. It is used to refer to people known for spoiling fun or being party poopers, aligning with its idiomatic usage.	Here, 'wet blanket' is used idiomatically to refer to people who are seen as party spoilers or those who don't participate in fun activities, thereby dampening the atmosphere. It does not mean a literally damp blanket in this context.	idiomatic
chicken feed	an amount of money that is small or insignificant	food that is specifically purposed to feed chickens	In this context, 'chicken feed' is used to imply that the amount of $2 billion is relatively small or insignificant when compared with something much larger, aligning with its idiomatic meaning.	The term 'chicken feed' in this sentence means a very small or insignificant amount of money. The comparison indicates that the $2 billion spent on transit expansion is considered a small amount, not a literal food for chicken.	idiomatic
monkey business	dishonest or deceitful behavior	the activities or behavior of monkeys	The phrase 'monkey business' in the context of the sentence is used to mean the literal actions or behaviors of monkeys. The zookeeper's work at the primate enclosure aligns with this interpretation.	In this context, 'monkey business' refers to the literal activities of caring for monkeys in a zoo, including feeding them, cleaning their enclosures, etc. It's not referring to any dishonest or deceitful behavior, which is the idiomatic meaning of the phrase.	literal
grass roots	the most fundamental level of a community or organization	the part of a plant that grows underground, anchoring it and absorbing nutrients	The sentence refers to 'grass roots' as the basic level in the community where activism for social justice is pursued. It suggests the initiations and operations at the most basic or local level, aligning with the idiomatic usage.	Here, 'grass roots' level refers to the base level of a community or organization. It means the fundamental level of activism in the community, in the pursuit of social justice in this case, rather than the underground parts of a grass plant.	idiomatic
marching orders	an order to leave; a dismissal	military commands given for a march	The sentence uses 'marching orders' to mean someone being ordered to leave a game or activity, after committing an offence, in this case for a professional foul in football.	In this context, 'marching orders' represents an idiomatic expression. This term is used to signify that a player (Defender Brown) was required to leave the soccer game due to a foul committed, thus facing dismissal, not a military command for a march.	idiomatic
panda car	a small British police car	a car that has a color marking or themed after a panda	The sentence uses 'panda car' in the context of someone being on duty and responding to a road accident, referring to a police car, aligning with its idiomatic usage in British English.	In this context, the term 'panda car' is used to indicate a small police patrol car in the British police force, not a car that is themed or marked after a panda bear.	idiomatic
bread and butter	primary source of income or the work that provides your livelihood	the basic meal of bread spread with butter	In the given sentence, 'bread and butter' is used in a list with 'curry chicken and rice'. This suggests that it is part of a meal and thus has a literal meaning.	In this sentence, 'bread and butter' literally refers to the common food items. The phrase is part of a list of food items desired by someone. It does not indicate a primary source of livelihood or significant occupation.	literal
chocolate teapot	Something that is fundamentally useless or ineffective, as a chocolate teapot would melt when used for its intended purpose - to hold hot liquid.	A teapot made out of chocolate.	"In the sentence, ""Nonetheless, the striking partner of the two is often undermined by chocolate teapot Arsenal's defence,"" the phrase ""chocolate teapot"" is used to describe the defense of a football team, referred to as Arsenal. It's unlikely that the phrase is being used to literally describe the defense as a teapot made out of chocolate."	"In this sentence, ""chocolate teapot"" is used metaphorically to illustrate how Arsenal's defence is ineffective or useless, much like a literal chocolate teapot would be in its intended function."	idiomatic
pig's ear	To make a complete mess or muddle of something. Originally a British phrase, it can also be used to indicate that something has been executed in a clumsy or inept fashion.	The ear of a pig.	"In the context of the sentence, ""Some skilled chefs can make a pig's ear into a delicious dish,"" the phrase ""pig's ear"" is used to refer to a particular part of the pig used as an ingredient for cooking. "	"Here, the use of ""pig's ear"" is in its literal sense, referring to the actual ear of a pig which can be cooked into a appetizing dish, suggesting the aptitude of the chef."	literal
best man	The chief attendant to the groom at a wedding, typically a close friend or relative.	The most outstanding or excellent man.	"The sentence, ""The best man means the quickest driver and the most intelligent driver,"" describes the ""best man"" not in a wedding context, but in terms of qualities relevant to driving."	"In this sentence, ""best man"" is used in the literal sense to designate the man who is the swiftest and smartest in terms of driving. It does not refer to the usual idiomatic meaning related to a wedding ceremony."	literal
big cheese	An important person, a leader; sometimes a person who is pompous or self-important.	A sizable portion of cheese.	"In the sentence, ""I've just spent a week trawling round Silicon Valley, talking to a mix of developers, entrepreneurs, venture capitalists, industry observers and big cheeses from well established companies,"" the phrase ""big cheeses"" refers to people, not actual cheese."	"In this context, ""big cheese"" is used in its idiomatic sense to indicate important, influential figures in well-established companies, showcasing their status and authority."	idiomatic
eager beaver	A person who is enthusiastic and hardworking.	A particularly keen beaver.	"In the sentence, ""Keen to get the river dam established in its habitat, the eager beaver set to work gathering sticks and felling trees with its teeth,"" the phrase ""eager beaver"" is used to describe an actual beaver, working hard to build a dam."	"Here, ""eager beaver"" is used in the literal sense, referring to an actual beaver that is enthusiastically working to construct a dam. The term is not being used to characterize a person as diligent."	literal
hair of the dog	A small amount of alcoholic drink taken to cure a hangover.	The fur of a dog.	"The sentence, ""In case a Bloody Mary over brunch isn't hair of the dog enough, why not add a lil' Scotch bonnet vodka to awaken your senses?"" uses ""hair of the dog"" in the context of alcoholic drinks, suggesting its idiomatic usage."	"The phrase ""hair of the dog"" in this sentence refers to the idiom of drinking alcohol to alleviate the symptoms of a hangover. It doesn't relate to the literal fur of a dog but to the metaphorical idea of using the 'cause' (alcohol) as the cure for the 'effect' (hangover)."	idiomatic
thin ice	A precarious or risky situation.	Ice that is not thick or strong.	"In the sentence, ""During the winter, children often play on thin ice, unaware of the danger beneath their feet,"" the phrase ""thin ice"" is used in a literal sense to refer to ice that is not thick or sturdy enough."	"""Thin ice"" here is taken literally, referring to the actual physical condition of the ice being perilously thin, posing a risk to the children playing on it."	literal
snake in the grass	A concealed danger, or a person who pretends to be your friend but who is really your enemy.	An actual snake hiding in the grass.	"In the context sentence, ""After rescuing myself and my gear with my Sherpa's expert assistance, I photographed the sneaky snake in the grass and added the shot to my camouflage collection,"" the phrase ""snake in the grass"" is referring to an actual snake that is in the grass."	"The phrase ""snake in the grass"" in this context is being used in a literal sense to describe a snake that is slyly hiding in the grass. The author's action of photographing it supports the literal interpretation."	literal
flea market	A type of bazaar that rents or provides space to people who want to sell or barter merchandise, usually secondhand.	A market for fleas.	"The sentence, ""Some people view the site as an online flea market where supply and demand dictate prices,"" uses ""flea market"" to describe a type of marketplace, not an actual market for selling fleas."	"In this context, ""flea market"" is an idiomatic term used to describe an online platform, likened to a type of bazaar where items (often secondhand goods) are sold or traded, and prices fluctuate based on supply and demand."	idiomatic
big fish	An important or influential person.	A large specimen of a fish.	"The sentence, ""Earlier this year, the big fish at Mattel Inc. was asked by an American magazine to name his favourite gadget,"" uses ""big fish"" to refer to an important person at a company, not an actual large fish."	"""Big fish"" in this sentence is an idiomatic expression used to describe a powerful, influential person at Mattel Inc. who has been asked to name his favourite gadget. The term doesn't refer to a literal large fish."	idiomatic
fancy dress	A type of costume usually worn at masquerades, costume parties or on Halloween.	A dress that is elaborate or stylish in design.	"The phrase ""fancy dress"" in the sentence ""As a child I remember my sister and I used to always get a new fancy dress and often a hat to go along with it to wear to Sunday school,"" refers to a kind of clothing, suggesting its non-idiomatic use."	"In this sentence, ""fancy dress"" is taken to mean a stylish or special dress that the speaker and her sister would wear to Sunday school. The context doesn't suggest a costume or masquerade outfit, therefore the term is used in its literal sense."	literal
snail mail	Regular postal service, as opposed to electronic mail.	Mail delivered by snails.	"In the sentence, ""The children giggled as they placed a tiny envelope on the back of a snail, imagining it as their new snail mail delivery service,"" the phrase ""snail mail"" is used in a literal sense as the children are pretending that a real snail is delivering their mail."	"In this context, ""snail mail"" is interpreted literally as mail being delivered by an actual snail. The children's imaginative game involves putting a tiny envelope on a snail, which doesn't reflect the idiomatic meaning of the term referring to regular postal service."	literal
heart of stone	An unfeeling, cruel or unyielding persona.	A heart made out of stone.	"In the sentence, ""Charles would have to have a heart of stone to turn her over to Lilandra, or do anything else along those lines,"" the phrase ""heart of stone"" is used to describe a lack of emotion or compassion, instead of an actual stone heart."	"The phrase ""heart of stone"" in this context is used idiomatically to describe a person (Charles) as being unfeeling or callous, especially in the hypothetical situation of turning someone (her) over to Lilandra. It doesn't refer to a literal heart made of stone."	idiomatic
party animal	A person who enjoys parties and the nightlife excessively.	An animal attending a party.	"The sentence, ""Milly was the party animal who has now settled down into the seemingly perfect life with a rockstar husband and two loving children,"" uses ""party animal"" to describe a person who enjoys parties, not a literal animal at a party."	"In this context, ""party animal"" is an idiomatic term used to describe Milly - a person who previously enjoyed parties and the nightlife excessively but has since settled into a more quiet and stable lifestyle."	idiomatic
cold feet	A loss of nerve or confidence.	Feet that are physically cold.	"The sentence ""The broad-shouldered man tightened the red scarf around his neck and blew on his hands, stamping his cold feet on the hard wet cobblestones,"" is referring to a man whose feet are physically cold due to the weather conditions."	"In this sentence, ""cold feet"" is used in a literal sense to describe the man's feet that are cold, likely due to cold weather. It doesn't refer to the idiom meaning a loss of nerve or confidence."	literal
couch potato	A person who spends a lot of time sitting or lying down, usually watching TV or engaging in other passive forms of entertainment.	A potato that is on a couch.	In this context sentence, the word 'couch potato' is referred to as a 'plush tuber-shaped cushion.' The description implies it's a physical, tangible object rather than a metaphor for a lazy person.	"In the sentence, ""After a long day, Sarah snuggled up on the sofa with her couch potato, a plush tuber-shaped cushion that had been a gift from her aunt."", 'couch potato' actually means a potato-shaped cushion on a couch, a literal and tangible object. There's no indication that it stands for an idiomatically lazy person."	literal
peas in a pod	Two or more people who are very much alike or share many similarities.	Peas contained within a pod, as in the case of green peas.	The sentence mentions spearfishermen and their diverse shapes, sizes and designs of their gear. This seems contrary to the idiomatic meaning of identical individuals or things similar to 'peas in a pod.'	The phrase 'peas in a pod' in this sentence is used to metaphorically express that spearfishermen are not like peas in a pod, emphasizing the idea that they are diverse and unique, unlike the uniform peas in a pod. Thus, here the phrase is used idiomatically.	idiomatic
sour grapes	Pretending to despise what one cannot have.	Grapes with a sour taste.	The sentence, refers to the flavor profile of something having notes from 'hints of lactic, acetic, definitely citric, with notes of tart apples, sour grapes and even some touches of exotic fruit.' This suggests a literal meaning of sour grapes rather than a figurative idiom.	The phrase 'sour grapes' in this sentence means grapes with a sour taste, as it is included among other flavors and aromas and is not used in a context suggesting jealousy or unattainable desires. Therefore, the phrase is used literally in this sentence.	literal
hot air	Empty talk that is intended to impress.	Air that has a high temperature.	"The sentence, ""French men, proud of their prowess as lovers, may actually be all hot air, according to a study by the National Demographic Studies Institute,"" seems to use the phrase 'hot air' in a manner that indicates empty or meaningless talk, rather than referring to the temperature of air."	The phrase 'hot air' in this sentence is used idiomatically to imply that the claims made about the prowess of French men as lovers could be empty boasts, not backed by actual evidence.	idiomatic
green light	Permission to proceed or to take a specified action.	A traffic light signal that indicates it is safe to proceed.	"The sentence, ""He was so frightened he wouldn't let the driver go across a green light in case he hit Rebecca and the twins coming the other way."" seems to use the phrase 'green light' in a literal sense, referring to a traffic signal, rather than permission to proceed."	The phrase 'green light' in this sentence is used to refer to the traffic signal that allows vehicles to proceed. There's no implication of permission or approval beyond the context of traffic regulation. Therefore, the phrase is being used here in its literal sense.	literal
watering hole	A bar or similar establishment where people gather to drink and socialize.	A place where animals regularly drink water, such as a pond or a small body of water in the wild.	"The sentence, ""It fits in perfectly with the surroundings and overlooks a watering hole visited every day by elephant, buffalo, giraffe and antelope."" uses the phrase 'watering hole' to denote a literal place where animals gather to drink water. It doesn't refer to an establishment where people socialize over drinks."	The phrase 'watering hole' in this sentence refers to a place where animals, including elephants, buffalos, giraffes, and antelopes, regularly come to drink water. Therefore, the phrase is used in its literal sense.	literal
flying saucer	An unidentified flying object, often associated with extraterrestrial beings.	A disc-shaped object flying in the sky.	"The sentence, ""There is a display here featuring some of the unknown artifacts found at the site where a flying saucer allegedly crashed in 1947."" uses the term 'flying saucer' to denote an unidentified flying object, possibly of extraterrestrial origin. It doesn't refer to any saucer or disc-like object merely flying."	The phrase 'flying saucer' in this sentence is used to refer to an unidentified flying object that allegedly crashed at a certain site in 1947. The artifacts from the crash are now part of a display. Hence, the phrase is used in its idiomatic sense.	idiomatic
act of god	A natural calamity which is not caused by human influences and could not have been prevented, including events like earthquakes, floods, etc.	An action, event or result perceived to be caused by divine intervention.	"The phrase 'act of God' in the sentence, ""Whether an event is intentional, accidental or an act of God, knowing how to properly respond when a crisis occurs in the workplace is critical."" is used to refer to an uncontrollable event, suggesting the idiomatic use of the term."	In this context, 'act of God' refers to a situation that isn't intentional or accidental but arises from uncontrolled, naturally occurring circumstances. This usage aligns with the idiomatic meaning within legal and insurance areas, and does not imply a direct divine action.	idiomatic
field work	Work done outside the office, in the 'real world', often involving hands-on activities related to research, exploration, or similar pursuits.	Work done in a field (agricultural setting).	"In the sentence, ""One of the highlights of the Mississippi Freedom Project happened during our first year of oral history field work in the town of Indianola."" the term 'field work' is used to denote work done outside of a studio or office, specifically referring to on-site research or study, aligning with the idiomatic use of the phrase."	In the provided context, 'field work' refers to research work conducted outside the confines of a typical work setting (like an office or lab), specifically in regards to the gathering of oral histories. Therefore, the phrase is used in its idiomatic sense here.	idiomatic
big wig	A person in a high position or with significant influence, usually within a particular sphere or organization.	A large wig.	"In the sentence, ""Montenegro used a big wig and glasses to deliver chatty, comic commentary and criticisms, some concerning the local government."" the phrase 'big wig' is used to refer to a literal large wig that a person named Montenegro used."	In this context, 'big wig' refers to a large, physical wig worn by Montenegro. There's no suggestion that it refers to an influential person or figure within an organization. Therefore, the phrase 'big wig' is used here literally.	literal
